"country","year","population"
"Afghanistan",1995,17586073
"Algeria",1995,29315463
"Angola",1995,12104952
"Argentina",1995,34833168
"Azerbaijan",1995,7770806
"Bangladesh",1995,119869585
"Belarus",1995,10189075
"Benin",1995,5985658
"Bolivia (Plurinational State of)",1995,7635362
"Botswana",1995,1583453
"Brazil",1995,161890816
"Burkina Faso",1995,10089876
"Burundi",1995,6209923
"Cambodia",1995,10769198
"Cameroon",1995,13929575
"Central African Republic",1995,3275695
"Chad",1995,6980351
"Chile",1995,14440103
"China",1995,1237531429
"China, Hong Kong SAR",1995,6144498
"Colombia",1995,36573895
"Congo",1995,2720633
"Côte d'Ivoire",1995,14217430
"Democratic People's Republic of Korea",1995,21763678
"Democratic Republic of the Congo",1995,42012524
"Djibouti",1995,663999
"Dominican Republic",1995,7977966
"Ecuador",1995,11315800
"Egypt",1995,61168397
"Ethiopia",1995,57023519
"France",1995,58008958
"Georgia",1995,5067143
"Germany",1995,83147770
"Ghana",1995,16760926
"Guatemala",1995,9983861
"Guinea",1995,7837173
"Haiti",1995,7838241
"Honduras",1995,5591935
"India",1995,955804355
"Indonesia",1995,194112556
"Iran (Islamic Republic of)",1995,60468352
"Iraq",1995,20363138
"Italy",1995,56967071
"Japan",1995,124483305
"Kazakhstan",1995,15549632
"Kenya",1995,27418077
"Kyrgyzstan",1995,4592135
"Lao People's Democratic Republic",1995,4871472
"Lesotho",1995,1753824
"Liberia",1995,2079921
"Madagascar",1995,13452526
"Malawi",1995,9964065
"Malaysia",1995,20725374
"Mali",1995,8988853
"Mexico",1995,95392647
"Mongolia",1995,2298063
"Morocco",1995,26833093
"Mozambique",1995,15981571
"Myanmar",1995,45329862
"Namibia",1995,1654214
"Nepal",1995,20587157
"Nicaragua",1995,4659458
"Niger",1995,9167078
"Nigeria",1995,108424827
"Pakistan",1995,126689577
"Paraguay",1995,4801834
"Peru",1995,23939261
"Philippines",1995,69606539
"Poland",1995,38479899
"Portugal",1995,10097055
"Republic of Korea",1995,44652994
"Republic of Moldova",1995,4339081
"Romania",1995,22963512
"Russian Federation",1995,148602147
"Rwanda",1995,5663838
"Saudi Arabia",1995,18567343
"Senegal",1995,8711528
"Sierra Leone",1995,3927105
"Somalia",1995,6346440
"South Africa",1995,41426810
"Spain",1995,39420568
"Sri Lanka",1995,18241711
"Sudan",1995,29963988
"Swaziland",1995,963428
"Syrian Arab Republic",1995,14338240
"Tajikistan",1995,5784330
"Thailand",1995,58983954
"Togo",1995,4284497
"Turkey",1995,58522320
"Uganda",1995,20740726
"Ukraine",1995,51146967
"United Kingdom of Great Britain and Northern Ireland",1995,57997197
"United Republic of Tanzania",1995,29944302
"United States of America",1995,268039654
"Uzbekistan",1995,22950898
"Venezuela (Bolivarian Republic of)",1995,22092144
"Viet Nam",1995,76020043
"Yemen",1995,15018201
"Zambia",1995,8841338
"Zimbabwe",1995,11639364
"Afghanistan",1996,18415307
"Algeria",1996,29845208
"Angola",1996,12451945
"Argentina",1996,35264070
"Azerbaijan",1996,7852273
"Bangladesh",1996,122400896
"Belarus",1996,10156258
"Benin",1996,6176318
"Bolivia (Plurinational State of)",1996,7806953
"Botswana",1996,1620989
"Brazil",1996,164392423
"Burkina Faso",1996,10372562
"Burundi",1996,6294482
"Cambodia",1996,11090611
"Cameroon",1996,14316949
"Central African Republic",1996,3350299
"Chad",1996,7216321
"Chile",1996,14662323
"China",1996,1247897092
"China, Hong Kong SAR",1996,6275363
"Colombia",1996,37236124
"Congo",1996,2797572
"Côte d'Ivoire",1996,14632391
"Democratic People's Republic of Korea",1996,22016518
"Democratic Republic of the Congo",1996,43122601
"Djibouti",1996,675891
"Dominican Republic",1996,8118570
"Ecuador",1996,11557151
"Egypt",1996,62123592
"Ethiopia",1996,58815116
"France",1996,58216225
"Georgia",1996,4990097
"Germany",1996,83388930
"Ghana",1996,17169151
"Guatemala",1996,10214623
"Guinea",1996,8094751
"Haiti",1996,7986858
"Honduras",1996,5723639
"India",1996,973147577
"Indonesia",1996,197097887
"Iran (Islamic Republic of)",1996,61440887
"Iraq",1996,21017108
"Italy",1996,56937309
"Japan",1996,124794906
"Kazakhstan",1996,15326132
"Kenya",1996,28186224
"Kyrgyzstan",1996,4658815
"Lao People's Democratic Republic",1996,4986592
"Lesotho",1996,1779197
"Liberia",1996,2197801
"Madagascar",1996,13882646
"Malawi",1996,10153315
"Malaysia",1996,21259831
"Mali",1996,9222157
"Mexico",1996,97201533
"Mongolia",1996,2316598
"Morocco",1996,27237150
"Mozambique",1996,16463426
"Myanmar",1996,45991828
"Namibia",1996,1705309
"Nepal",1996,21115271
"Nicaragua",1996,4756631
"Niger",1996,9499605
"Nigeria",1996,111166210
"Pakistan",1996,130083700
"Paraguay",1996,4911701
"Peru",1996,24365985
"Philippines",1996,71184718
"Poland",1996,38480234
"Portugal",1996,10140627
"Republic of Korea",1996,44940974
"Republic of Moldova",1996,4308050
"Romania",1996,22841943
"Russian Federation",1996,148375246
"Rwanda",1996,5929575
"Saudi Arabia",1996,18848350
"Senegal",1996,8940298
"Sierra Leone",1996,3919708
"Somalia",1996,6481035
"South Africa",1996,42204043
"Spain",1996,39513721
"Sri Lanka",1996,18367795
"Sudan",1996,30824141
"Swaziland",1996,984506
"Syrian Arab Republic",1996,14746306
"Tajikistan",1996,5862347
"Thailand",1996,59562136
"Togo",1996,4392177
"Turkey",1996,59442502
"Uganda",1996,21407693
"Ukraine",1996,50821019
"United Kingdom of Great Britain and Northern Ireland",1996,58168519
"United Republic of Tanzania",1996,30780453
"United States of America",1996,271231546
"Uzbekistan",1996,23381250
"Venezuela (Bolivarian Republic of)",1996,22556838
"Viet Nam",1996,77166873
"Yemen",1996,15578640
"Zambia",1996,9073311
"Zimbabwe",1996,11846110
"Afghanistan",1997,19021226
"Algeria",1997,30345466
"Angola",1997,12791388
"Argentina",1997,35690778
"Azerbaijan",1997,7921745
"Bangladesh",1997,124945315
"Belarus",1997,10120556
"Benin",1997,6361301
"Bolivia (Plurinational State of)",1997,7978521
"Botswana",1997,1657349
"Brazil",1997,166925457
"Burkina Faso",1997,10664982
"Burundi",1997,6369573
"Cambodia",1997,11395958
"Cameroon",1997,14709426
"Central African Republic",1997,3424733
"Chad",1997,7463347
"Chile",1997,14872458
"China",1997,1257021784
"China, Hong Kong SAR",1997,6430651
"Colombia",1997,37901358
"Congo",1997,2878333
"Côte d'Ivoire",1997,15042149
"Democratic People's Republic of Korea",1997,22240833
"Democratic Republic of the Congo",1997,44078397
"Djibouti",1997,687897
"Dominican Republic",1997,8256496
"Ecuador",1997,11799289
"Egypt",1997,63094069
"Ethiopia",1997,60584273
"France",1997,58418324
"Georgia",1997,4922489
"Germany",1997,83490697
"Ghana",1997,17568461
"Guatemala",1997,10449636
"Guinea",1997,8296478
"Haiti",1997,8136372
"Honduras",1997,5852719
"India",1997,990460131
"Indonesia",1997,200050444
"Iran (Islamic Republic of)",1997,62542531
"Iraq",1997,21693597
"Italy",1997,56887127
"Japan",1997,125048712
"Kazakhstan",1997,15085965
"Kenya",1997,28943647
"Kyrgyzstan",1997,4739263
"Lao People's Democratic Republic",1997,5096724
"Lesotho",1997,1801679
"Liberia",1997,2365290
"Madagascar",1997,14329239
"Malawi",1997,10404259
"Malaysia",1997,21805835
"Mali",1997,9462256
"Mexico",1997,98968558
"Mongolia",1997,2335723
"Morocco",1997,27632321
"Mozambique",1997,16914628
"Myanmar",1997,46664455
"Namibia",1997,1757969
"Nepal",1997,21647305
"Nicaragua",1997,4849272
"Niger",1997,9849621
"Nigeria",1997,113979481
"Pakistan",1997,133597492
"Paraguay",1997,5021271
"Peru",1997,24789855
"Philippines",1997,72780928
"Poland",1997,38461279
"Portugal",1997,10182158
"Republic of Korea",1997,45220543
"Republic of Moldova",1997,4268774
"Romania",1997,22717415
"Russian Federation",1997,148079919
"Rwanda",1997,6470628
"Saudi Arabia",1997,19060850
"Senegal",1997,9164050
"Sierra Leone",1997,3928313
"Somalia",1997,6673254
"South Africa",1997,42906581
"Spain",1997,39603778
"Sri Lanka",1997,18473862
"Sudan",1997,31682982
"Swaziland",1997,1006760
"Syrian Arab Republic",1997,15168523
"Tajikistan",1997,5937177
"Thailand",1997,60206941
"Togo",1997,4504291
"Turkey",1997,60372413
"Uganda",1997,22084527
"Ukraine",1997,50421998
"United Kingdom of Great Britain and Northern Ireland",1997,58346633
"United Republic of Tanzania",1997,31586039
"United States of America",1997,274606475
"Uzbekistan",1997,23789736
"Venezuela (Bolivarian Republic of)",1997,23020184
"Viet Nam",1997,78199254
"Yemen",1997,16088019
"Zambia",1997,9320089
"Zimbabwe",1997,12045813
"Afghanistan",1998,19496836
"Algeria",1998,30820435
"Angola",1998,13137542
"Argentina",1998,36109342
"Azerbaijan",1998,7984460
"Bangladesh",1998,127478524
"Belarus",1998,10080772
"Benin",1998,6546493
"Bolivia (Plurinational State of)",1998,8150214
"Botswana",1998,1692148
"Brazil",1998,169472347
"Burkina Faso",1998,10967836
"Burundi",1998,6447672
"Cambodia",1998,11685332
"Cameroon",1998,15107909
"Central African Republic",1998,3498140
"Chad",1998,7724316
"Chile",1998,15072409
"China",1998,1265222536
"China, Hong Kong SAR",1998,6591717
"Colombia",1998,38568056
"Congo",1998,2961357
"Côte d'Ivoire",1998,15436470
"Democratic People's Republic of Korea",1998,22444993
"Democratic Republic of the Congo",1998,44960941
"Djibouti",1998,699922
"Dominican Republic",1998,8392534
"Ecuador",1998,12042454
"Egypt",1998,64084443
"Ethiopia",1998,62353942
"France",1998,58635564
"Georgia",1998,4861848
"Germany",1998,83500716
"Ghana",1998,17968830
"Guatemala",1998,10691090
"Guinea",1998,8457221
"Haiti",1998,8285690
"Honduras",1998,5980152
"India",1998,1007746556
"Indonesia",1998,202990922
"Iran (Islamic Republic of)",1998,63713397
"Iraq",1998,22387179
"Italy",1998,56850303
"Japan",1998,125266855
"Kazakhstan",1998,14858241
"Kenya",1998,29702246
"Kyrgyzstan",1998,4823870
"Lao People's Democratic Republic",1998,5200898
"Lesotho",1998,1821609
"Liberia",1998,2558085
"Madagascar",1998,14790245
"Malawi",1998,10700180
"Malaysia",1998,22355057
"Mali",1998,9712365
"Mexico",1998,100678867
"Mongolia",1998,2355618
"Morocco",1998,28013585
"Mozambique",1998,17350739
"Myanmar",1998,47321204
"Namibia",1998,1809719
"Nepal",1998,22175431
"Nicaragua",1998,4937320
"Niger",1998,10215806
"Nigeria",1998,116867371
"Pakistan",1998,137139290
"Paraguay",1998,5130723
"Peru",1998,25206817
"Philippines",1998,74393147
"Poland",1998,38428791
"Portugal",1998,10222540
"Republic of Korea",1998,45489131
"Republic of Moldova",1998,4221726
"Romania",1998,22596183
"Russian Federation",1998,147715550
"Rwanda",1998,7169658
"Saudi Arabia",1998,19282965
"Senegal",1998,9387783
"Sierra Leone",1998,3961869
"Somalia",1998,6904978
"South Africa",1998,43558285
"Spain",1998,39729942
"Sri Lanka",1998,18575763
"Sudan",1998,32551853
"Swaziland",1998,1028694
"Syrian Arab Republic",1998,15591261
"Tajikistan",1998,6012933
"Thailand",1998,60903042
"Togo",1998,4620710
"Turkey",1998,61308204
"Uganda",1998,22780451
"Ukraine",1998,49974187
"United Kingdom of Great Britain and Northern Ireland",1998,58534306
"United Republic of Tanzania",1998,32378333
"United States of America",1998,278053607
"Uzbekistan",1998,24170760
"Venezuela (Bolivarian Republic of)",1998,23482700
"Viet Nam",1998,79140734
"Yemen",1998,16564235
"Zambia",1998,9577483
"Zimbabwe",1998,12229500
"Afghanistan",1999,19987071
"Algeria",1999,31276295
"Angola",1999,13510616
"Argentina",1999,36514558
"Azerbaijan",1999,8047936
"Bangladesh",1999,129966823
"Belarus",1999,10034775
"Benin",1999,6740491
"Bolivia (Plurinational State of)",1999,8322408
"Botswana",1999,1724924
"Brazil",1999,172006362
"Burkina Faso",1999,11281942
"Burundi",1999,6545273
"Cambodia",1999,11960467
"Cameroon",1999,15513653
"Central African Republic",1999,3569523
"Chad",1999,8002899
"Chile",1999,15265536
"China",1999,1272915272
"China, Hong Kong SAR",1999,6732627
"Colombia",1999,39234115
"Congo",1999,3044444
"Côte d'Ivoire",1999,15802248
"Democratic People's Republic of Korea",1999,22641754
"Democratic Republic of the Congo",1999,45889100
"Djibouti",1999,711652
"Dominican Republic",1999,8527881
"Ecuador",1999,12286995
"Egypt",1999,65097777
"Ethiopia",1999,64158887
"France",1999,58894671
"Georgia",1999,4803312
"Germany",1999,83490881
"Ghana",1999,18384302
"Guatemala",1999,10941913
"Guinea",1999,8600911
"Haiti",1999,8433339
"Honduras",1999,6107385
"India",1999,1025014711
"Indonesia",1999,205946831
"Iran (Islamic Republic of)",1999,64858754
"Iraq",1999,23091408
"Italy",1999,56872736
"Japan",1999,125481436
"Kazakhstan",1999,14679568
"Kenya",1999,30478597
"Kyrgyzstan",1999,4898865
"Lao People's Democratic Republic",1999,5298146
"Lesotho",1999,1839611
"Liberia",1999,2741755
"Madagascar",1999,15262817
"Malawi",1999,11012707
"Malaysia",1999,22896048
"Mali",1999,9977308
"Mexico",1999,102316781
"Mongolia",1999,2376197
"Morocco",1999,28374203
"Mozambique",1999,17798102
"Myanmar",1999,47925630
"Namibia",1999,1857149
"Nepal",1999,22690158
"Nicaragua",1999,5021079
"Niger",1999,10596258
"Nigeria",1999,119831888
"Pakistan",1999,140580398
"Paraguay",1999,5240321
"Peru",1999,25611482
"Philippines",1999,76018006
"Poland",1999,38390217
"Portugal",1999,10263532
"Republic of Korea",1999,45742103
"Republic of Moldova",1999,4167552
"Romania",1999,22484940
"Russian Federation",1999,147275875
"Rwanda",1999,7853015
"Saudi Arabia",1999,19620692
"Senegal",1999,9618564
"Sierra Leone",1999,4030443
"Somalia",1999,7149044
"South Africa",1999,44195890
"Spain",1999,39944692
"Sri Lanka",1999,18695041
"Sudan",1999,33447666
"Swaziland",1999,1048151
"Syrian Arab Republic",1999,15995760
"Tajikistan",1999,6094661
"Thailand",1999,61623143
"Togo",1999,4740974
"Turkey",1999,62243779
"Uganda",1999,23507800
"Ukraine",1999,49510626
"United Kingdom of Great Britain and Northern Ireland",1999,58735006
"United Republic of Tanzania",1999,33183093
"United States of America",1999,281419130
"Uzbekistan",1999,24517962
"Venezuela (Bolivarian Republic of)",1999,23945002
"Viet Nam",1999,80027521
"Yemen",1999,17035531
"Zambia",1999,9839179
"Zimbabwe",1999,12384727
"Afghanistan",2000,20595360
"Algeria",2000,31719449
"Angola",2000,13924930
"Argentina",2000,36903067
"Azerbaijan",2000,8117742
"Bangladesh",2000,132383265
"Belarus",2000,9981460
"Benin",2000,6949366
"Bolivia (Plurinational State of)",2000,8495271
"Botswana",2000,1755375
"Brazil",2000,174504898
"Burkina Faso",2000,11607944
"Burundi",2000,6674286
"Cambodia",2000,12222871
"Cameroon",2000,15927713
"Central African Republic",2000,3638316
"Chad",2000,8301151
"Chile",2000,15454402
"China",2000,1280428583
"China, Hong Kong SAR",2000,6835301
"Colombia",2000,39897984
"Congo",2000,3126204
"Côte d'Ivoire",2000,16131332
"Democratic People's Republic of Korea",2000,22840225
"Democratic Republic of the Congo",2000,46949244
"Djibouti",2000,722887
"Dominican Republic",2000,8663421
"Ecuador",2000,12533087
"Egypt",2000,66136590
"Ethiopia",2000,66024199
"France",2000,59213096
"Georgia",2000,4743591
"Germany",2000,83512459
"Ghana",2000,18825034
"Guatemala",2000,11204183
"Guinea",2000,8746128
"Haiti",2000,8578234
"Honduras",2000,6235561
"India",2000,1042261758
"Indonesia",2000,208938698
"Iran (Islamic Republic of)",2000,65911052
"Iraq",2000,23801156
"Italy",2000,56986085
"Japan",2000,125714674
"Kazakhstan",2000,14575644
"Kenya",2000,31285050
"Kyrgyzstan",2000,4954850
"Lao People's Democratic Republic",2000,5388281
"Lesotho",2000,1856225
"Liberia",2000,2891968
"Madagascar",2000,15744811
"Malawi",2000,11321496
"Malaysia",2000,23420751
"Mali",2000,10260577
"Mexico",2000,103873607
"Mongolia",2000,2397473
"Morocco",2000,28710123
"Mozambique",2000,18275618
"Myanmar",2000,48453000
"Namibia",2000,1897953
"Nepal",2000,23184177
"Nicaragua",2000,5100920
"Niger",2000,10989815
"Nigeria",2000,122876727
"Pakistan",2000,143832014
"Paraguay",2000,5350253
"Peru",2000,26000080
"Philippines",2000,77651848
"Poland",2000,38351437
"Portugal",2000,10306192
"Republic of Korea",2000,45977210
"Republic of Moldova",2000,4107184
"Romania",2000,22388354
"Russian Federation",2000,146762881
"Rwanda",2000,8395577
"Saudi Arabia",2000,20144584
"Senegal",2000,9861679
"Sierra Leone",2000,4139757
"Somalia",2000,7385416
"South Africa",2000,44846286
"Spain",2000,40282828
"Sri Lanka",2000,18846401
"Sudan",2000,34382782
"Swaziland",2000,1063715
"Syrian Arab Republic",2000,16371208
"Tajikistan",2000,6186152
"Thailand",2000,62343379
"Togo",2000,4864753
"Turkey",2000,63174483
"Uganda",2000,24275641
"Ukraine",2000,49057226
"United Kingdom of Great Britain and Northern Ireland",2000,58951444
"United Republic of Tanzania",2000,34020512
"United States of America",2000,284594395
"Uzbekistan",2000,24828562
"Venezuela (Bolivarian Republic of)",2000,24407553
"Viet Nam",2000,80887879
"Yemen",2000,17522537
"Zambia",2000,10100981
"Zimbabwe",2000,12503652
"Afghanistan",2001,21347782
"Algeria",2001,32150198
"Angola",2001,14385283
"Argentina",2001,37273361
"Azerbaijan",2001,8195427
"Bangladesh",2001,134729503
"Belarus",2001,9920173
"Benin",2001,7174911
"Bolivia (Plurinational State of)",2001,8669066
"Botswana",2001,1783349
"Brazil",2001,176968205
"Burkina Faso",2001,11946080
"Burundi",2001,6839376
"Cambodia",2001,12472586
"Cameroon",2001,16350440
"Central African Republic",2001,3704045
"Chad",2001,8620917
"Chile",2001,15639289
"China",2001,1287890449
"China, Hong Kong SAR",2001,6892752
"Colombia",2001,40558648
"Congo",2001,3205636
"Côte d'Ivoire",2001,16420173
"Democratic People's Republic of Korea",2001,23043449
"Democratic Republic of the Congo",2001,48167045
"Djibouti",2001,733732
"Dominican Republic",2001,8799298
"Ecuador",2001,12780869
"Egypt",2001,67204189
"Ethiopia",2001,67956866
"France",2001,59600714
"Georgia",2001,4682290
"Germany",2001,83583461
"Ghana",2001,19293392
"Guatemala",2001,11478984
"Guinea",2001,8895353
"Haiti",2001,8720247
"Honduras",2001,6365040
"India",2001,1059500888
"Indonesia",2001,211970371
"Iran (Islamic Republic of)",2001,66857624
"Iraq",2001,24516842
"Italy",2001,57200233
"Japan",2001,125973930
"Kazakhstan",2001,14559255
"Kenya",2001,32126351
"Kyrgyzstan",2001,4988162
"Lao People's Democratic Republic",2001,5470169
"Lesotho",2001,1871500
"Liberia",2001,2998770
"Madagascar",2001,16235767
"Malawi",2001,11623166
"Malaysia",2001,23925742
"Mali",2001,10562768
"Mexico",2001,105339877
"Mongolia",2001,2419669
"Morocco",2001,29021156
"Mozambique",2001,18785719
"Myanmar",2001,48894203
"Namibia",2001,1931282
"Nepal",2001,23655119
"Nicaragua",2001,5176685
"Niger",2001,11396434
"Nigeria",2001,126004992
"Pakistan",2001,146857081
"Paraguay",2001,5460621
"Peru",2001,26372358
"Philippines",2001,79297756
"Poland",2001,38314744
"Portugal",2001,10350660
"Republic of Korea",2001,46192932
"Republic of Moldova",2001,4040579
"Romania",2001,22310092
"Russian Federation",2001,146170247
"Rwanda",2001,8760003
"Saudi Arabia",2001,20891594
"Senegal",2001,10119118
"Sierra Leone",2001,4295667
"Somalia",2001,7609265
"South Africa",2001,45513217
"Spain",2001,40756675
"Sri Lanka",2001,19037119
"Sudan",2001,35359265
"Swaziland",2001,1074761
"Syrian Arab Republic",2001,16700984
"Tajikistan",2001,6289340
"Thailand",2001,63069070
"Togo",2001,4992225
"Turkey",2001,64100297
"Uganda",2001,25088033
"Ukraine",2001,48620596
"United Kingdom of Great Britain and Northern Ireland",2001,59183774
"United Republic of Tanzania",2001,34895398
"United States of America",2001,287532638
"Uzbekistan",2001,25098636
"Venezuela (Bolivarian Republic of)",2001,24870441
"Viet Nam",2001,81728768
"Yemen",2001,18029989
"Zambia",2001,10362137
"Zimbabwe",2001,12586763
"Afghanistan",2002,22202806
"Algeria",2002,32572977
"Angola",2002,14886574
"Argentina",2002,37627545
"Azerbaijan",2002,8279768
"Bangladesh",2002,137006279
"Belarus",2002,9852866
"Benin",2002,7414744
"Bolivia (Plurinational State of)",2002,8843350
"Botswana",2002,1808976
"Brazil",2002,179393768
"Burkina Faso",2002,12296399
"Burundi",2002,7037727
"Cambodia",2002,12709336
"Cameroon",2002,16782044
"Central African Republic",2002,3767248
"Chad",2002,8959964
"Chile",2002,15819522
"China",2002,1295322020
"China, Hong Kong SAR",2002,6912079
"Colombia",2002,41216304
"Congo",2002,3283719
"Côte d'Ivoire",2002,16674987
"Democratic People's Republic of Korea",2002,23248059
"Democratic Republic of the Congo",2002,49516960
"Djibouti",2002,744434
"Dominican Republic",2002,8935261
"Ecuador",2002,13030041
"Egypt",2002,68302914
"Ethiopia",2002,69948344
"France",2002,60047743
"Georgia",2002,4621837
"Germany",2002,83685160
"Ghana",2002,19786307
"Guatemala",2002,11765738
"Guinea",2002,9045748
"Haiti",2002,8859635
"Honduras",2002,6495801
"India",2002,1076705723
"Indonesia",2002,215038285
"Iran (Islamic Republic of)",2002,67727274
"Iraq",2002,25238267
"Italy",2002,57501450
"Japan",2002,126249090
"Kazakhstan",2002,14623188
"Kenya",2002,33000524
"Kyrgyzstan",2002,5003394
"Lao People's Democratic Republic",2002,5545245
"Lesotho",2002,1885487
"Liberia",2002,3070673
"Madagascar",2002,16736029
"Malawi",2002,11926778
"Malaysia",2002,24413795
"Mali",2002,10882662
"Mexico",2002,106723661
"Mongolia",2002,2443231
"Morocco",2002,29311443
"Mozambique",2002,19319894
"Myanmar",2002,49261313
"Namibia",2002,1958303
"Nepal",2002,24102862
"Nicaragua",2002,5248577
"Niger",2002,11817297
"Nigeria",2002,129224641
"Pakistan",2002,149693684
"Paraguay",2002,5571371
"Peru",2002,26729909
"Philippines",2002,80953652
"Poland",2002,38280547
"Portugal",2002,10395630
"Republic of Korea",2002,46393993
"Republic of Moldova",2002,3969040
"Romania",2002,22249564
"Russian Federation",2002,145520813
"Rwanda",2002,8987523
"Saudi Arabia",2002,21825217
"Senegal",2002,10390050
"Sierra Leone",2002,4493047
"Somalia",2002,7825924
"South Africa",2002,46187794
"Spain",2002,41346738
"Sri Lanka",2002,19260853
"Sudan",2002,36373247
"Swaziland",2002,1082183
"Syrian Arab Republic",2002,16994676
"Tajikistan",2002,6404118
"Thailand",2002,63797841
"Togo",2002,5123674
"Turkey",2002,65022300
"Uganda",2002,25943441
"Ukraine",2002,48200504
"United Kingdom of Great Britain and Northern Ireland",2002,59431937
"United Republic of Tanzania",2002,35806497
"United States of America",2002,290270187
"Uzbekistan",2002,25334021
"Venezuela (Bolivarian Republic of)",2002,25333622
"Viet Nam",2002,82547682
"Yemen",2002,18551068
"Zambia",2002,10625423
"Zimbabwe",2002,12640922
"Afghanistan",2003,23116142
"Algeria",2003,33003442
"Angola",2003,15421075
"Argentina",2003,37970411
"Azerbaijan",2003,8370169
"Bangladesh",2003,139185986
"Belarus",2003,9784111
"Benin",2003,7665681
"Bolivia (Plurinational State of)",2003,9016787
"Botswana",2003,1832602
"Brazil",2003,181752951
"Burkina Faso",2003,12659086
"Burundi",2003,7264340
"Cambodia",2003,12934369
"Cameroon",2003,17223277
"Central African Republic",2003,3829636
"Chad",2003,9311234
"Chile",2003,15995658
"China",2003,1302810258
"China, Hong Kong SAR",2003,6906631
"Colombia",2003,41872051
"Congo",2003,3363418
"Côte d'Ivoire",2003,16909801
"Democratic People's Republic of Korea",2003,23449180
"Democratic Republic of the Congo",2003,50972323
"Djibouti",2003,755085
"Dominican Republic",2003,9071318
"Ecuador",2003,13279806
"Egypt",2003,69432477
"Ethiopia",2003,71989666
"France",2003,60527640
"Georgia",2003,4564938
"Germany",2003,83788480
"Ghana",2003,20301686
"Guatemala",2003,12062835
"Guinea",2003,9204581
"Haiti",2003,8996229
"Honduras",2003,6628171
"India",2003,1093786762
"Indonesia",2003,218145617
"Iran (Islamic Republic of)",2003,68543171
"Iraq",2003,25959531
"Italy",2003,57868021
"Japan",2003,126523597
"Kazakhstan",2003,14747754
"Kenya",2003,33905011
"Kyrgyzstan",2003,5009453
"Lao People's Democratic Republic",2003,5619069
"Lesotho",2003,1898757
"Liberia",2003,3124222
"Madagascar",2003,17245275
"Malawi",2003,12238739
"Malaysia",2003,24890654
"Mali",2003,11219737
"Mexico",2003,108056312
"Mongolia",2003,2468595
"Morocco",2003,29586937
"Mozambique",2003,19873460
"Myanmar",2003,49577152
"Namibia",2003,1981237
"Nepal",2003,24525527
"Nicaragua",2003,5317878
"Niger",2003,12254040
"Nigeria",2003,132550146
"Pakistan",2003,152419974
"Paraguay",2003,5682350
"Peru",2003,27073334
"Philippines",2003,82604681
"Poland",2003,38250426
"Portugal",2003,10439031
"Republic of Korea",2003,46591762
"Republic of Moldova",2003,3896494
"Romania",2003,22201592
"Russian Federation",2003,144879644
"Rwanda",2003,9126167
"Saudi Arabia",2003,22852333
"Senegal",2003,10673535
"Sierra Leone",2003,4712763
"Somalia",2003,8037706
"South Africa",2003,46869028
"Spain",2003,42015864
"Sri Lanka",2003,19501969
"Sudan",2003,37423884
"Swaziland",2003,1087929
"Syrian Arab Republic",2003,17298476
"Tajikistan",2003,6529609
"Thailand",2003,64488338
"Togo",2003,5258956
"Turkey",2003,65938265
"Uganda",2003,26838428
"Ukraine",2003,47807199
"United Kingdom of Great Britain and Northern Ireland",2003,59697954
"United Republic of Tanzania",2003,36760831
"United States of America",2003,292883010
"Uzbekistan",2003,25553928
"Venezuela (Bolivarian Republic of)",2003,25797219
"Viet Nam",2003,83352595
"Yemen",2003,19081306
"Zambia",2003,10894519
"Zimbabwe",2003,12673103
"Afghanistan",2004,24018682
"Algeria",2004,33461345
"Angola",2004,15976715
"Argentina",2004,38308779
"Azerbaijan",2004,8465127
"Bangladesh",2004,141235035
"Belarus",2004,9719991
"Benin",2004,7922796
"Bolivia (Plurinational State of)",2004,9187610
"Botswana",2004,1854739
"Brazil",2004,184010283
"Burkina Faso",2004,13034258
"Burundi",2004,7510771
"Cambodia",2004,13149386
"Cameroon",2004,17674960
"Central African Republic",2004,3893595
"Chad",2004,9665024
"Chile",2004,16168241
"China",2004,1310414386
"China, Hong Kong SAR",2004,6896523
"Colombia",2004,42527623
"Congo",2004,3448868
"Côte d'Ivoire",2004,17144325
"Democratic People's Republic of Korea",2004,23639303
"Democratic Republic of the Congo",2004,52487293
"Djibouti",2004,765776
"Dominican Republic",2004,9207389
"Ecuador",2004,13529091
"Egypt",2004,70591288
"Ethiopia",2004,74066147
"France",2004,61002537
"Georgia",2004,4515280
"Germany",2004,83848844
"Ghana",2004,20835514
"Guatemala",2004,12367800
"Guinea",2004,9379621
"Haiti",2004,9129933
"Honduras",2004,6762426
"India",2004,1110626108
"Indonesia",2004,221293797
"Iran (Islamic Republic of)",2004,69342126
"Iraq",2004,26673536
"Italy",2004,58267068
"Japan",2004,126772899
"Kazakhstan",2004,14902452
"Kenya",2004,34834606
"Kyrgyzstan",2004,5019310
"Lao People's Democratic Republic",2004,5699112
"Lesotho",2004,1912022
"Liberia",2004,3184643
"Madagascar",2004,17763367
"Malawi",2004,12569091
"Malaysia",2004,25365089
"Mali",2004,11572936
"Mexico",2004,109381550
"Mongolia",2004,2496248
"Morocco",2004,29855820
"Mozambique",2004,20438827
"Myanmar",2004,49875169
"Namibia",2004,2003320
"Nepal",2004,24921910
"Nicaragua",2004,5386299
"Niger",2004,12708897
"Nigeria",2004,135999250
"Pakistan",2004,155151394
"Paraguay",2004,5793330
"Peru",2004,27403845
"Philippines",2004,84231329
"Poland",2004,38225455
"Portugal",2004,10478122
"Republic of Korea",2004,46801310
"Republic of Moldova",2004,3827963
"Romania",2004,22158163
"Russian Federation",2004,144331352
"Rwanda",2004,9254379
"Saudi Arabia",2004,23839231
"Senegal",2004,10967568
"Sierra Leone",2004,4928175
"Somalia",2004,8249965
"South Africa",2004,47553025
"Spain",2004,42710301
"Sri Lanka",2004,19737578
"Sudan",2004,38508752
"Swaziland",2004,1094758
"Syrian Arab Republic",2004,17676012
"Tajikistan",2004,6663929
"Thailand",2004,65087400
"Togo",2004,5397851
"Turkey",2004,66845635
"Uganda",2004,27766986
"Ukraine",2004,47450472
"United Kingdom of Great Britain and Northern Ireland",2004,59984118
"United Republic of Tanzania",2004,37765139
"United States of America",2004,295487267
"Uzbekistan",2004,25784397
"Venezuela (Bolivarian Republic of)",2004,26261326
"Viet Nam",2004,84150651
"Yemen",2004,19612696
"Zambia",2004,11174650
"Zimbabwe",2004,12693047
"Afghanistan",2005,24860855
"Algeria",2005,33960903
"Angola",2005,16544376
"Argentina",2005,38647854
"Azerbaijan",2005,8563398
"Bangladesh",2005,143135180
"Belarus",2005,9664714
"Benin",2005,8182362
"Bolivia (Plurinational State of)",2005,9354709
"Botswana",2005,1875805
"Brazil",2005,186142403
"Burkina Faso",2005,13421929
"Burundi",2005,7770392
"Cambodia",2005,13356424
"Cameroon",2005,18137734
"Central African Republic",2005,3960897
"Chad",2005,10014413
"Chile",2005,16337749
"China",2005,1318176835
"China, Hong Kong SAR",2005,6896686
"Colombia",2005,43184026
"Congo",2005,3542867
"Côte d'Ivoire",2005,17393994
"Democratic People's Republic of Korea",2005,23813333
"Democratic Republic of the Congo",2005,54028003
"Djibouti",2005,776585
"Dominican Republic",2005,9343362
"Ecuador",2005,13777131
"Egypt",2005,71777678
"Ethiopia",2005,76167240
"France",2005,61444972
"Georgia",2005,4475306
"Germany",2005,83835978
"Ghana",2005,21384034
"Guatemala",2005,12678919
"Guinea",2005,9576331
"Haiti",2005,9260879
"Honduras",2005,6898825
"India",2005,1127143548
"Indonesia",2005,224480901
"Iran (Islamic Republic of)",2005,70152384
"Iraq",2005,27377045
"Italy",2005,58671855
"Japan",2005,126978754
"Kazakhstan",2005,15064088
"Kenya",2005,35785718
"Kyrgyzstan",2005,5042381
"Lao People's Democratic Republic",2005,5790646
"Lesotho",2005,1925844
"Liberia",2005,3269786
"Madagascar",2005,18290394
"Malawi",2005,12924746
"Malaysia",2005,25843466
"Mali",2005,11941258
"Mexico",2005,110731826
"Mongolia",2005,2526502
"Morocco",2005,30125445
"Mozambique",2005,21010376
"Myanmar",2005,50181020
"Namibia",2005,2027026
"Nepal",2005,25292058
"Nicaragua",2005,5455219
"Niger",2005,13183798
"Nigeria",2005,139585891
"Pakistan",2005,157971415
"Paraguay",2005,5904170
"Peru",2005,27723281
"Philippines",2005,85821214
"Poland",2005,38206337
"Portugal",2005,10510967
"Republic of Korea",2005,47033082
"Republic of Moldova",2005,3767077
"Romania",2005,22113264
"Russian Federation",2005,143932966
"Rwanda",2005,9429457
"Saudi Arabia",2005,24690067
"Senegal",2005,11270826
"Sierra Leone",2005,5119895
"Somalia",2005,8466938
"South Africa",2005,48235291
"Spain",2005,43387477
"Sri Lanka",2005,19951291
"Sudan",2005,39625222
"Swaziland",2005,1104642
"Syrian Arab Republic",2005,18167367
"Tajikistan",2005,6805655
"Thailand",2005,65559487
"Togo",2005,5540214
"Turkey",2005,67743052
"Uganda",2005,28724869
"Ukraine",2005,47135932
"United Kingdom of Great Britain and Northern Ireland",2005,60291414
"United Republic of Tanzania",2005,38824384
"United States of America",2005,298165797
"Uzbekistan",2005,26044401
"Venezuela (Bolivarian Republic of)",2005,26725897
"Viet Nam",2005,84947852
"Yemen",2005,20139661
"Zambia",2005,11470022
"Zimbabwe",2005,12710589
"Afghanistan",2006,25631282
"Algeria",2006,34507214
"Angola",2006,17122409
"Argentina",2006,38988923
"Azerbaijan",2006,8665006
"Bangladesh",2006,144868702
"Belarus",2006,9620359
"Benin",2006,8443671
"Bolivia (Plurinational State of)",2006,9517395
"Botswana",2006,1895944
"Brazil",2006,188134315
"Burkina Faso",2006,13822257
"Burundi",2006,8042579
"Cambodia",2006,13555054
"Cameroon",2006,18611937
"Central African Republic",2006,4032102
"Chad",2006,10356822
"Chile",2006,16504530
"China",2006,1326146433
"China, Hong Kong SAR",2006,6910671
"Colombia",2006,43841370
"Congo",2006,3646653
"Côte d'Ivoire",2006,17662417
"Democratic People's Republic of Korea",2006,23969917
"Democratic Republic of the Congo",2006,55590838
"Djibouti",2006,787544
"Dominican Republic",2006,9479269
"Ecuador",2006,14023503
"Egypt",2006,72990754
"Ethiopia",2006,78290649
"France",2006,61845239
"Georgia",2006,4446032
"Germany",2006,83740302
"Ghana",2006,21947779
"Guatemala",2006,12995374
"Guinea",2006,9798963
"Haiti",2006,9388642
"Honduras",2006,7037428
"India",2006,1143289350
"Indonesia",2006,227709821
"Iran (Islamic Republic of)",2006,70976584
"Iraq",2006,28064095
"Italy",2006,59078271
"Japan",2006,127136020
"Kazakhstan",2006,15227211
"Kenya",2006,36757498
"Kyrgyzstan",2006,5081620
"Lao People's Democratic Republic",2006,5895930
"Lesotho",2006,1940413
"Liberia",2006,3384791
"Madagascar",2006,18826126
"Malawi",2006,13307535
"Malaysia",2006,26327098
"Mali",2006,12325545
"Mexico",2006,112116694
"Mongolia",2006,2559496
"Morocco",2006,30395097
"Mozambique",2006,21587317
"Myanmar",2006,50500070
"Namibia",2006,2052931
"Nepal",2006,25634043
"Nicaragua",2006,5524927
"Niger",2006,13679705
"Nigeria",2006,143314909
"Pakistan",2006,160905794
"Paraguay",2006,6014781
"Peru",2006,28030688
"Philippines",2006,87366573
"Poland",2006,38194163
"Portugal",2006,10536701
"Republic of Korea",2006,47291491
"Republic of Moldova",2006,3715541
"Romania",2006,22065409
"Russian Federation",2006,143715023
"Rwanda",2006,9660946
"Saudi Arabia",2006,25371936
"Senegal",2006,11582925
"Sierra Leone",2006,5280909
"Somalia",2006,8687671
"South Africa",2006,48919359
"Spain",2006,44038456
"Sri Lanka",2006,20137560
"Sudan",2006,40774428
"Swaziland",2006,1118253
"Syrian Arab Republic",2006,18804914
"Tajikistan",2006,6954522
"Thailand",2006,65883961
"Togo",2006,5685845
"Turkey",2006,68626337
"Uganda",2006,29711397
"Ukraine",2006,46871328
"United Kingdom of Great Britain and Northern Ireland",2006,60620907
"United Republic of Tanzania",2006,39942347
"United States of America",2006,300942917
"Uzbekistan",2006,26340696
"Venezuela (Bolivarian Republic of)",2006,27190882
"Viet Nam",2006,85747625
"Yemen",2006,20661714
"Zambia",2006,11781612
"Zimbabwe",2006,12724308
"Afghanistan",2007,26349243
"Algeria",2007,35097043
"Angola",2007,17712824
"Argentina",2007,39331357
"Azerbaijan",2007,8770122
"Bangladesh",2007,146457067
"Belarus",2007,9585368
"Benin",2007,8707490
"Bolivia (Plurinational State of)",2007,9676456
"Botswana",2007,1915187
"Brazil",2007,189996976
"Burkina Faso",2007,14235075
"Burundi",2007,8328312
"Cambodia",2007,13747288
"Cameroon",2007,19097676
"Central African Republic",2007,4106897
"Chad",2007,10694366
"Chile",2007,16668892
"China",2007,1334343509
"China, Hong Kong SAR",2007,6934748
"Colombia",2007,44498390
"Congo",2007,3758858
"Côte d'Ivoire",2007,17949061
"Democratic People's Republic of Korea",2007,24111989
"Democratic Republic of the Congo",2007,57187942
"Djibouti",2007,798690
"Dominican Republic",2007,9615015
"Ecuador",2007,14268397
"Egypt",2007,74229577
"Ethiopia",2007,80440708
"France",2007,62210877
"Georgia",2007,4426077
"Germany",2007,83578794
"Ghana",2007,22525659
"Guatemala",2007,13317931
"Guinea",2007,10046967
"Haiti",2007,9513714
"Honduras",2007,7178436
"India",2007,1159095250
"Indonesia",2007,230972808
"Iran (Islamic Republic of)",2007,71809219
"Iraq",2007,28740630
"Italy",2007,59485505
"Japan",2007,127248855
"Kazakhstan",2007,15396045
"Kenya",2007,37752304
"Kyrgyzstan",2007,5134297
"Lao People's Democratic Republic",2007,6013278
"Lesotho",2007,1955784
"Liberia",2007,3522294
"Madagascar",2007,19371023
"Malawi",2007,13713758
"Malaysia",2007,26813819
"Mali",2007,12725629
"Mexico",2007,113529819
"Mongolia",2007,2595068
"Morocco",2007,30667086
"Mozambique",2007,22171404
"Myanmar",2007,50828959
"Namibia",2007,2080700
"Nepal",2007,25950022
"Nicaragua",2007,5595533
"Niger",2007,14197289
"Nigeria",2007,147187353
"Pakistan",2007,163928329
"Paraguay",2007,6125285
"Peru",2007,28328410
"Philippines",2007,88875548
"Poland",2007,38189136
"Portugal",2007,10555902
"Republic of Korea",2007,47572585
"Republic of Moldova",2007,3672638
"Romania",2007,22015937
"Russian Federation",2007,143652377
"Rwanda",2007,9928143
"Saudi Arabia",2007,25915624
"Senegal",2007,11904974
"Sierra Leone",2007,5416015
"Somalia",2007,8910851
"South Africa",2007,49602778
"Spain",2007,44664067
"Sri Lanka",2007,20301912
"Sudan",2007,41954986
"Swaziland",2007,1134977
"Syrian Arab Republic",2007,19561477
"Tajikistan",2007,7111025
"Thailand",2007,66076927
"Togo",2007,5834806
"Turkey",2007,69496513
"Uganda",2007,30728747
"Ukraine",2007,46653183
"United Kingdom of Great Britain and Northern Ireland",2007,60970360
"United Republic of Tanzania",2007,41119693
"United States of America",2007,303786752
"Uzbekistan",2007,26668950
"Venezuela (Bolivarian Republic of)",2007,27655937
"Viet Nam",2007,86553201
"Yemen",2007,21182162
"Zambia",2007,12109620
"Zimbabwe",2007,12740160
"Afghanistan",2008,27032197
"Algeria",2008,35725377
"Angola",2008,18314441
"Argentina",2008,39676083
"Azerbaijan",2008,8877669
"Bangladesh",2008,147969967
"Belarus",2008,9555801
"Benin",2008,8973293
"Bolivia (Plurinational State of)",2008,9834098
"Botswana",2008,1933719
"Brazil",2008,191765567
"Burkina Faso",2008,14659646
"Burundi",2008,8624280
"Cambodia",2008,13940518
"Cameroon",2008,19595026
"Central African Republic",2008,4185106
"Chad",2008,11030628
"Chile",2008,16831184
"China",2008,1342732604
"China, Hong Kong SAR",2008,6967866
"Colombia",2008,45153037
"Congo",2008,3876475
"Côte d'Ivoire",2008,18260044
"Democratic People's Republic of Korea",2008,24243894
"Democratic Republic of the Congo",2008,58819038
"Djibouti",2008,810100
"Dominican Republic",2008,9750195
"Ecuador",2008,14512402
"Egypt",2008,75491922
"Ethiopia",2008,82621190
"France",2008,62552614
"Georgia",2008,4412502
"Germany",2008,83379538
"Ghana",2008,23110139
"Guatemala",2008,13648307
"Guinea",2008,10314678
"Haiti",2008,9638255
"Honduras",2008,7322368
"India",2008,1174662334
"Indonesia",2008,234243489
"Iran (Islamic Republic of)",2008,72660887
"Iraq",2008,29429829
"Italy",2008,59873820
"Japan",2008,127319434
"Kazakhstan",2008,15568294
"Kenya",2008,38773277
"Kyrgyzstan",2008,5197274
"Lao People's Democratic Republic",2008,6139127
"Lesotho",2008,1972199
"Liberia",2008,3672714
"Madagascar",2008,19926785
"Malawi",2008,14138207
"Malaysia",2008,27302348
"Mali",2008,13138299
"Mexico",2008,114968039
"Mongolia",2008,2632834
"Morocco",2008,30955151
"Mozambique",2008,22762525
"Myanmar",2008,51174018
"Namibia",2008,2110791
"Nepal",2008,26249412
"Nicaragua",2008,5667983
"Niger",2008,14737895
"Nigeria",2008,151208080
"Pakistan",2008,167008083
"Paraguay",2008,6236005
"Peru",2008,28625628
"Philippines",2008,90371287
"Poland",2008,38189735
"Portugal",2008,10569881
"Republic of Korea",2008,47867970
"Republic of Moldova",2008,3636510
"Romania",2008,21964962
"Russian Federation",2008,143677033
"Rwanda",2008,10222961
"Saudi Arabia",2008,26366358
"Senegal",2008,12238791
"Sierra Leone",2008,5532139
"Somalia",2008,9140259
"South Africa",2008,50267488
"Spain",2008,45243381
"Sri Lanka",2008,20452387
"Sudan",2008,43158451
"Swaziland",2008,1153929
"Syrian Arab Republic",2008,20346056
"Tajikistan",2008,7275252
"Thailand",2008,66185340
"Togo",2008,5987491
"Turkey",2008,70363511
"Uganda",2008,31778799
"Ukraine",2008,46461350
"United Kingdom of Great Britain and Northern Ireland",2008,61333257
"United Republic of Tanzania",2008,42353790
"United States of America",2008,306657153
"Uzbekistan",2008,27023200
"Venezuela (Bolivarian Republic of)",2008,28120312
"Viet Nam",2008,87369203
"Yemen",2008,21703571
"Zambia",2008,12456527
"Zimbabwe",2008,12784041
"Afghanistan",2009,27708187
"Algeria",2009,36383302
"Angola",2009,18926650
"Argentina",2009,40023641
"Azerbaijan",2009,8986266
"Bangladesh",2009,149503100
"Belarus",2009,9525785
"Benin",2009,9240783
"Bolivia (Plurinational State of)",2009,9993406
"Botswana",2009,1951715
"Brazil",2009,193490922
"Burkina Faso",2009,15094967
"Burundi",2009,8926687
"Cambodia",2009,14144225
"Cameroon",2009,20103945
"Central African Republic",2009,4266247
"Chad",2009,11371325
"Chile",2009,16991729
"China",2009,1351247555
"China, Hong Kong SAR",2009,7006930
"Colombia",2009,45802561
"Congo",2009,3995146
"Côte d'Ivoire",2009,18601342
"Democratic People's Republic of Korea",2009,24371865
"Democratic Republic of the Congo",2009,60486276
"Djibouti",2009,821865
"Dominican Republic",2009,9884265
"Ecuador",2009,14756424
"Egypt",2009,76775023
"Ethiopia",2009,84838032
"France",2009,62888318
"Georgia",2009,4401093
"Germany",2009,83182774
"Ghana",2009,23691533
"Guatemala",2009,13988988
"Guinea",2009,10593248
"Haiti",2009,9765153
"Honduras",2009,7469844
"India",2009,1190138069
"Indonesia",2009,237486894
"Iran (Islamic Republic of)",2009,73542954
"Iraq",2009,30163199
"Italy",2009,60220314
"Japan",2009,127352872
"Kazakhstan",2009,15743552
"Kenya",2009,39824734
"Kyrgyzstan",2009,5265218
"Lao People's Democratic Republic",2009,6267968
"Lesotho",2009,1989873
"Liberia",2009,3821440
"Madagascar",2009,20495695
"Malawi",2009,14573338
"Malaysia",2009,27790324
"Mali",2009,13559296
"Mexico",2009,116422752
"Mongolia",2009,2672223
"Morocco",2009,31276564
"Mozambique",2009,23361025
"Myanmar",2009,51540490
"Namibia",2009,2143498
"Nepal",2009,26544943
"Nicaragua",2009,5743329
"Niger",2009,15302948
"Nigeria",2009,155381020
"Pakistan",2009,170093999
"Paraguay",2009,6347383
"Peru",2009,28934303
"Philippines",2009,91886400
"Poland",2009,38193591
"Portugal",2009,10580673
"Republic of Korea",2009,48164969
"Republic of Moldova",2009,3604078
"Romania",2009,21913311
"Russian Federation",2009,143689741
"Rwanda",2009,10529668
"Saudi Arabia",2009,26796375
"Senegal",2009,12586827
"Sierra Leone",2009,5641182
"Somalia",2009,9380854
"South Africa",2009,50889543
"Spain",2009,45754265
"Sri Lanka",2009,20601663
"Sudan",2009,44373749
"Swaziland",2009,1173678
"Syrian Arab Republic",2009,21031546
"Tajikistan",2009,7447396
"Thailand",2009,66277335
"Togo",2009,6144457
"Turkey",2009,71241080
"Uganda",2009,32864328
"Ukraine",2009,46267306
"United Kingdom of Great Britain and Northern Ireland",2009,61700797
"United Republic of Tanzania",2009,43639752
"United States of America",2009,309491893
"Uzbekistan",2009,27392784
"Venezuela (Bolivarian Republic of)",2009,28583040
"Viet Nam",2009,88199997
"Yemen",2009,22229625
"Zambia",2009,12825031
"Zimbabwe",2009,12888918
"Afghanistan",2010,28397812
"Algeria",2010,37062820
"Angola",2010,19549124
"Argentina",2010,40374224
"Azerbaijan",2010,9094718
"Bangladesh",2010,151125475
"Belarus",2010,9491070
"Benin",2010,9509798
"Bolivia (Plurinational State of)",2010,10156601
"Botswana",2010,1969341
"Brazil",2010,195210154
"Burkina Faso",2010,15540284
"Burundi",2010,9232753
"Cambodia",2010,14364931
"Cameroon",2010,20624343
"Central African Republic",2010,4349921
"Chad",2010,11720781
"Chile",2010,17150760
"China",2010,1359821465
"China, Hong Kong SAR",2010,7049514
"Colombia",2010,46444798
"Congo",2010,4111715
"Côte d'Ivoire",2010,18976588
"Democratic People's Republic of Korea",2010,24500520
"Democratic Republic of the Congo",2010,62191161
"Djibouti",2010,834036
"Dominican Republic",2010,10016797
"Ecuador",2010,15001072
"Egypt",2010,78075705
"Ethiopia",2010,87095281
"France",2010,63230866
"Georgia",2010,4388674
"Germany",2010,83017404
"Ghana",2010,24262901
"Guatemala",2010,14341576
"Guinea",2010,10876033
"Haiti",2010,9896400
"Honduras",2010,7621204
"India",2010,1205624648
"Indonesia",2010,240676485
"Iran (Islamic Republic of)",2010,74462314
"Iraq",2010,30962380
"Italy",2010,60508978
"Japan",2010,127352833
"Kazakhstan",2010,15921127
"Kenya",2010,40909194
"Kyrgyzstan",2010,5334223
"Lao People's Democratic Republic",2010,6395713
"Lesotho",2010,2008921
"Liberia",2010,3957990
"Madagascar",2010,21079532
"Malawi",2010,15013694
"Malaysia",2010,28275835
"Mali",2010,13985961
"Mexico",2010,117886404
"Mongolia",2010,2712738
"Morocco",2010,31642360
"Mozambique",2010,23967265
"Myanmar",2010,51931231
"Namibia",2010,2178967
"Nepal",2010,26846016
"Nicaragua",2010,5822209
"Niger",2010,15893746
"Nigeria",2010,159707780
"Pakistan",2010,173149306
"Paraguay",2010,6459721
"Peru",2010,29262830
"Philippines",2010,93444322
"Poland",2010,38198754
"Portugal",2010,10589792
"Republic of Korea",2010,48453931
"Republic of Moldova",2010,3573024
"Romania",2010,21861476
"Russian Federation",2010,143617913
"Rwanda",2010,10836732
"Saudi Arabia",2010,27258387
"Senegal",2010,12950564
"Sierra Leone",2010,5751976
"Somalia",2010,9636173
"South Africa",2010,51452352
"Spain",2010,46182038
"Sri Lanka",2010,20758779
"Sudan",2010,45592931
"Swaziland",2010,1193148
"Syrian Arab Republic",2010,21532647
"Tajikistan",2010,7627326
"Thailand",2010,66402316
"Togo",2010,6306014
"Turkey",2010,72137546
"Uganda",2010,33987213
"Ukraine",2010,46050220
"United Kingdom of Great Britain and Northern Ireland",2010,62066350
"United Republic of Tanzania",2010,44973330
"United States of America",2010,312247116
"Uzbekistan",2010,27769270
"Venezuela (Bolivarian Republic of)",2010,29043283
"Viet Nam",2010,89047397
"Yemen",2010,22763008
"Zambia",2010,13216985
"Zimbabwe",2010,13076978
"Afghanistan",2011,29105480
"Algeria",2011,37762962
"Angola",2011,20180490
"Argentina",2011,40728738
"Azerbaijan",2011,9202432
"Bangladesh",2011,152862431
"Belarus",2011,9450391
"Benin",2011,9779795
"Bolivia (Plurinational State of)",2011,10324445
"Botswana",2011,1986701
"Brazil",2011,196935134
"Burkina Faso",2011,15995313
"Burundi",2011,9540362
"Cambodia",2011,14605862
"Cameroon",2011,21156272
"Central African Republic",2011,4436217
"Chad",2011,12080037
"Chile",2011,17308449
"China",2011,1368440300
"China, Hong Kong SAR",2011,7096359
"Colombia",2011,47078792
"Congo",2011,4225359
"Côte d'Ivoire",2011,19389954
"Democratic People's Republic of Korea",2011,24631291
"Democratic Republic of the Congo",2011,63931512
"Djibouti",2011,846646
"Dominican Republic",2011,10147598
"Ecuador",2011,15246481
"Egypt",2011,79392466
"Ethiopia",2011,89393063
"France",2011,63582112
"Georgia",2011,4374226
"Germany",2011,82892904
"Ghana",2011,24820706
"Guatemala",2011,14706578
"Guinea",2011,11161530
"Haiti",2011,10032864
"Honduras",2011,7776669
"India",2011,1221156319
"Indonesia",2011,243801639
"Iran (Islamic Republic of)",2011,75424285
"Iraq",2011,31837015
"Italy",2011,60729316
"Japan",2011,127319206
"Kazakhstan",2011,16097998
"Kenya",2011,42027891
"Kyrgyzstan",2011,5403419
"Lao People's Democratic Republic",2011,6521314
"Lesotho",2011,2029516
"Liberia",2011,4079697
"Madagascar",2011,21678934
"Malawi",2011,15457531
"Malaysia",2011,28758968
"Mali",2011,14416737
"Mexico",2011,119361233
"Mongolia",2011,2754209
"Morocco",2011,32059424
"Mozambique",2011,24581367
"Myanmar",2011,52350763
"Namibia",2011,2217618
"Nepal",2011,27156367
"Nicaragua",2011,5905146
"Niger",2011,16511462
"Nigeria",2011,164192925
"Pakistan",2011,176166353
"Paraguay",2011,6573097
"Peru",2011,29614887
"Philippines",2011,95053437
"Poland",2011,38204598
"Portugal",2011,10597629
"Republic of Korea",2011,48732640
"Republic of Moldova",2011,3542928
"Romania",2011,21808931
"Russian Federation",2011,143438152
"Rwanda",2011,11144315
"Saudi Arabia",2011,27761728
"Senegal",2011,13330737
"Sierra Leone",2011,5865491
"Somalia",2011,9907903
"South Africa",2011,51949041
"Spain",2011,46514117
"Sri Lanka",2011,20925532
"Sudan",2011,36430923
"Swaziland",2011,1212159
"Syrian Arab Republic",2011,21804363
"Tajikistan",2011,7814850
"Thailand",2011,66576332
"Togo",2011,6472304
"Turkey",2011,73058638
"Uganda",2011,35148064
"Ukraine",2011,45802721
"United Kingdom of Great Britain and Northern Ireland",2011,62426923
"United Republic of Tanzania",2011,46354607
"United States of America",2011,314911752
"Uzbekistan",2011,28151746
"Venezuela (Bolivarian Republic of)",2011,29500625
"Viet Nam",2011,89913956
"Yemen",2011,23304206
"Zambia",2011,13633796
"Zimbabwe",2011,13358738
"Afghanistan",2012,29824536
"Algeria",2012,38481705
"Angola",2012,20820525
"Argentina",2012,41086927
"Azerbaijan",2012,9308959
"Bangladesh",2012,154695368
"Belarus",2012,9405097
"Benin",2012,10050702
"Bolivia (Plurinational State of)",2012,10496285
"Botswana",2012,2003910
"Brazil",2012,198656019
"Burkina Faso",2012,16460141
"Burundi",2012,9849569
"Cambodia",2012,14864646
"Cameroon",2012,21699631
"Central African Republic",2012,4525209
"Chad",2012,12448175
"Chile",2012,17464814
"China",2012,1377064907
"China, Hong Kong SAR",2012,7148493
"Colombia",2012,47704427
"Congo",2012,4337051
"Côte d'Ivoire",2012,19839750
"Democratic People's Republic of Korea",2012,24763188
"Democratic Republic of the Congo",2012,65705093
"Djibouti",2012,859652
"Dominican Republic",2012,10276621
"Ecuador",2012,15492264
"Egypt",2012,80721874
"Ethiopia",2012,91728849
"France",2012,63936575
"Georgia",2012,4358242
"Germany",2012,82800121
"Ghana",2012,25366462
"Guatemala",2012,15082831
"Guinea",2012,11451273
"Haiti",2012,10173775
"Honduras",2012,7935846
"India",2012,1236686732
"Indonesia",2012,246864191
"Iran (Islamic Republic of)",2012,76424443
"Iraq",2012,32778030
"Italy",2012,60884593
"Japan",2012,127249704
"Kazakhstan",2012,16271201
"Kenya",2012,43178141
"Kyrgyzstan",2012,5474213
"Lao People's Democratic Republic",2012,6645827
"Lesotho",2012,2051545
"Liberia",2012,4190435
"Madagascar",2012,22293914
"Malawi",2012,15906483
"Malaysia",2012,29239927
"Mali",2012,14853572
"Mexico",2012,120847477
"Mongolia",2012,2796484
"Morocco",2012,32521143
"Mozambique",2012,25203395
"Myanmar",2012,52797319
"Namibia",2012,2259393
"Nepal",2012,27474377
"Nicaragua",2012,5991733
"Niger",2012,17157042
"Nigeria",2012,168833776
"Pakistan",2012,179160111
"Paraguay",2012,6687361
"Peru",2012,29987800
"Philippines",2012,96706764
"Poland",2012,38210924
"Portugal",2012,10603804
"Republic of Korea",2012,49002683
"Republic of Moldova",2012,3514381
"Romania",2012,21754741
"Russian Federation",2012,143169653
"Rwanda",2012,11457801
"Saudi Arabia",2012,28287855
"Senegal",2012,13726021
"Sierra Leone",2012,5978727
"Somalia",2012,10195134
"South Africa",2012,52385920
"Spain",2012,46754541
"Sri Lanka",2012,21098099
"Sudan",2012,37195349
"Swaziland",2012,1230985
"Syrian Arab Republic",2012,21889682
"Tajikistan",2012,8008990
"Thailand",2012,66785001
"Togo",2012,6642928
"Turkey",2012,73997128
"Uganda",2012,36345860
"Ukraine",2012,45529944
"United Kingdom of Great Britain and Northern Ireland",2012,62783115
"United Republic of Tanzania",2012,47783107
"United States of America",2012,317505266
"Uzbekistan",2012,28541423
"Venezuela (Bolivarian Republic of)",2012,29954782
"Viet Nam",2012,90795769
"Yemen",2012,23852409
"Zambia",2012,14075099
"Zimbabwe",2012,13724317
"Afghanistan",2013,30551674
"Algeria",2013,39208194
"Angola",2013,21471618
"Argentina",2013,41446246
"Azerbaijan",2013,9413420
"Bangladesh",2013,156594962
"Belarus",2013,9356678
"Benin",2013,10323474
"Bolivia (Plurinational State of)",2013,10671200
"Botswana",2013,2021144
"Brazil",2013,200361925
"Burkina Faso",2013,16934839
"Burundi",2013,10162532
"Cambodia",2013,15135169
"Cameroon",2013,22253959
"Central African Republic",2013,4616417
"Chad",2013,12825314
"Chile",2013,17619708
"China",2013,1385566537
"China, Hong Kong SAR",2013,7203836
"Colombia",2013,48321405
"Congo",2013,4447632
"Côte d'Ivoire",2013,20316086
"Democratic People's Republic of Korea",2013,24895480
"Democratic Republic of the Congo",2013,67513677
"Djibouti",2013,872932
"Dominican Republic",2013,10403761
"Ecuador",2013,15737878
"Egypt",2013,82056378
"Ethiopia",2013,94100756
"France",2013,64291280
"Georgia",2013,4340895
"Germany",2013,82726626
"Ghana",2013,25904598
"Guatemala",2013,15468203
"Guinea",2013,11745189
"Haiti",2013,10317461
"Honduras",2013,8097688
"India",2013,1252139596
"Indonesia",2013,249865631
"Iran (Islamic Republic of)",2013,77447168
"Iraq",2013,33765232
"Italy",2013,60990277
"Japan",2013,127143577
"Kazakhstan",2013,16440586
"Kenya",2013,44353691
"Kyrgyzstan",2013,5547548
"Lao People's Democratic Republic",2013,6769727
"Lesotho",2013,2074465
"Liberia",2013,4294077
"Madagascar",2013,22924851
"Malawi",2013,16362567
"Malaysia",2013,29716965
"Mali",2013,15301650
"Mexico",2013,122332399
"Mongolia",2013,2839073
"Morocco",2013,33008150
"Mozambique",2013,25833752
"Myanmar",2013,53259018
"Namibia",2013,2303315
"Nepal",2013,27797457
"Nicaragua",2013,6080478
"Niger",2013,17831270
"Nigeria",2013,173615345
"Pakistan",2013,182142594
"Paraguay",2013,6802295
"Peru",2013,30375603
"Philippines",2013,98393574
"Poland",2013,38216635
"Portugal",2013,10608156
"Republic of Korea",2013,49262698
"Republic of Moldova",2013,3487204
"Romania",2013,21698585
"Russian Federation",2013,142833689
"Rwanda",2013,11776522
"Saudi Arabia",2013,28828870
"Senegal",2013,14133280
"Sierra Leone",2013,6092075
"Somalia",2013,10495583
"South Africa",2013,52776130
"Spain",2013,46926963
"Sri Lanka",2013,21273228
"Sudan",2013,37964306
"Swaziland",2013,1249514
"Syrian Arab Republic",2013,21898061
"Tajikistan",2013,8207834
"Thailand",2013,67010502
"Togo",2013,6816982
"Turkey",2013,74932641
"Uganda",2013,37578876
"Ukraine",2013,45238805
"United Kingdom of Great Britain and Northern Ireland",2013,63136265
"United Republic of Tanzania",2013,49253126
"United States of America",2013,320050716
"Uzbekistan",2013,28934102
"Venezuela (Bolivarian Republic of)",2013,30405207
"Viet Nam",2013,91679733
"Yemen",2013,24407381
"Zambia",2013,14538640
"Zimbabwe",2013,14149648
